boro,zipcode,businesses,cafe,pawn,debt,cig,total_select_bus,hpdA,hpdB,hpdC,hpdTotal,negativeRodent,positiveRodent,total_crime,violation,misdemeanor,felony,theft,assault,harassment,population,pop_per_sqmile
Bronx,10453,447.0,,,,,,12079.0,36822.0,11188.0,60089.0,7378.0,23460.0,58579.0,7514.0,37011.0,14054.0,5745.0,8058.0,7409.0,76775.0,87970.27
Bronx,10457,470.0,,,,,,11139.0,33267.0,10221.0,54627.0,12093.0,30270.0,67137.0,7683.0,42228.0,17226.0,6928.0,9025.0,7631.0,69048.0,58547.95
Bronx,10460,313.0,,,,,,7043.0,20282.0,6783.0,34108.0,5267.0,15991.0,51550.0,5677.0,31992.0,13881.0,5491.0,6581.0,5527.0,53707.0,33064.79
Bronx,10458,535.0,6.0,15.0,1.0,95.0,117.0,11936.0,34378.0,11569.0,57883.0,10461.0,28913.0,69136.0,7326.0,41794.0,20016.0,9093.0,8358.0,7217.0,77840.0,62296.26
Bronx,10467,604.0,,,,,,10581.0,30801.0,9495.0,50877.0,6484.0,12557.0,64178.0,8656.0,37089.0,18433.0,7209.0,7743.0,8542.0,94342.0,33219.75
Bronx,10468,381.0,3.0,6.0,0.0,55.0,64.0,10593.0,29645.0,9879.0,50117.0,6796.0,14500.0,65622.0,6947.0,40511.0,18164.0,9061.0,7082.0,6814.0,78309.0,70721.85
Bronx,10451,306.0,1.0,5.0,0.0,65.0,71.0,4862.0,14505.0,4187.0,23554.0,2799.0,6784.0,53991.0,6320.0,34883.0,12788.0,7817.0,6172.0,6240.0,40961.0,39106.39
Bronx,10452,488.0,,,,,,10579.0,30709.0,8604.0,49892.0,6070.0,16662.0,61032.0,6012.0,39575.0,15445.0,7131.0,7285.0,5915.0,72138.0,74380.42
Bronx,10456,471.0,,,,,,10230.0,30545.0,9401.0,50176.0,9191.0,21101.0,75592.0,8994.0,48331.0,18267.0,6682.0,9876.0,8926.0,76656.0,70924.4
Bronx,10454,224.0,,,,,,2849.0,8220.0,2821.0,13890.0,1660.0,5311.0,38686.0,5248.0,24396.0,9042.0,3719.0,4774.0,5138.0,34976.0,33618.5
Bronx,10455,319.0,,,,,,3488.0,10595.0,3428.0,17511.0,2245.0,6190.0,51135.0,6523.0,31505.0,13107.0,8264.0,5673.0,6382.0,37465.0,50333.01
Bronx,10459,336.0,,,,,,5457.0,16600.0,5556.0,27613.0,4391.0,11730.0,48339.0,6623.0,28627.0,13089.0,5931.0,6215.0,6509.0,39080.0,46368.65
Bronx,10474,157.0,,,,,,1468.0,4592.0,1410.0,7470.0,1284.0,3710.0,25460.0,2889.0,14453.0,8118.0,2629.0,2665.0,2834.0,11354.0,7487.55
Bronx,10463,345.0,6.0,3.0,1.0,49.0,59.0,4071.0,11432.0,3480.0,18983.0,1864.0,4317.0,24854.0,3421.0,14213.0,7220.0,4421.0,2193.0,3394.0,65576.0,38449.34
Bronx,10471,105.0,,,,,,262.0,650.0,161.0,1073.0,227.0,202.0,9591.0,1110.0,5594.0,2887.0,1926.0,655.0,1095.0,23413.0,8057.39
Bronx,10466,364.0,,,,,,4185.0,12826.0,4787.0,21798.0,1949.0,956.0,41192.0,5429.0,23844.0,11919.0,3858.0,5144.0,5351.0,68787.0,33497.36
Bronx,10469,504.0,,,,,,1530.0,4793.0,1979.0,8302.0,2039.0,1230.0,31148.0,4224.0,18062.0,8862.0,4263.0,3174.0,4165.0,63345.0,24026.94
Bronx,10470,117.0,,,,,,1289.0,3572.0,1456.0,6317.0,432.0,189.0,9846.0,1031.0,5612.0,3203.0,1036.0,934.0,984.0,15780.0,18653.9
Bronx,10475,184.0,,,,,,196.0,421.0,81.0,698.0,150.0,106.0,19580.0,2381.0,12080.0,5119.0,5715.0,1468.0,2350.0,38086.0,27132.6
Bronx,10461,493.0,4.0,2.0,0.0,84.0,90.0,1863.0,4427.0,1349.0,7639.0,782.0,846.0,32704.0,4932.0,18487.0,9285.0,5448.0,2749.0,4893.0,49808.0,21734.34
Bronx,10462,559.0,2.0,7.0,1.0,81.0,91.0,3652.0,10130.0,2904.0,16686.0,2141.0,3599.0,43141.0,5580.0,25671.0,11890.0,6433.0,4385.0,5512.0,72077.0,48907.02
Bronx,10464,46.0,1.0,0.0,0.0,4.0,5.0,84.0,165.0,61.0,310.0,349.0,356.0,,,,,,,,,
Bronx,10465,270.0,2.0,0.0,0.0,24.0,26.0,248.0,792.0,238.0,1278.0,610.0,700.0,19213.0,3233.0,11341.0,4639.0,2534.0,1773.0,3180.0,42500.0,11299.91
Bronx,10472,439.0,,,,,,6610.0,20119.0,6491.0,33220.0,4648.0,14518.0,46291.0,5514.0,29646.0,11131.0,4136.0,6360.0,5373.0,64867.0,57252.59
Bronx,10473,238.0,,,,,,953.0,2732.0,868.0,4553.0,1322.0,3137.0,48675.0,6306.0,31305.0,11064.0,6752.0,5780.0,6184.0,56166.0,26210.61
Brooklyn,11212,459.0,,,,,,7661.0,25569.0,8059.0,41289.0,1600.0,1784.0,84625.0,11244.0,47014.0,26367.0,8492.0,12025.0,10889.0,85161.0,55655.62
Brooklyn,11213,316.0,,,,,,7147.0,24015.0,7792.0,38954.0,2694.0,8413.0,50142.0,6446.0,28360.0,15336.0,5941.0,6155.0,6291.0,65440.0,61712.16
Brooklyn,11216,342.0,3.0,3.0,1.0,70.0,77.0,6431.0,20079.0,6866.0,33376.0,4769.0,7751.0,50632.0,6703.0,27481.0,16448.0,6499.0,6249.0,6614.0,55775.0,57545.77
Brooklyn,11233,291.0,,,,,,7838.0,25626.0,9334.0,42798.0,3291.0,3080.0,67511.0,8822.0,37441.0,21248.0,6041.0,8821.0,8611.0,61955.0,46112.06
Brooklyn,11238,322.0,7.0,0.0,0.0,61.0,68.0,4169.0,11752.0,3403.0,19324.0,3299.0,2730.0,40217.0,4760.0,22407.0,13050.0,6443.0,4172.0,4632.0,48965.0,42063.29
Brooklyn,11209,577.0,6.0,2.0,1.0,77.0,86.0,1887.0,4969.0,1321.0,8177.0,246.0,614.0,29369.0,4372.0,17117.0,7880.0,6396.0,2327.0,4332.0,69840.0,31098.42
Brooklyn,11214,874.0,,,,,,2411.0,6437.0,1783.0,10631.0,448.0,1795.0,35841.0,4910.0,20280.0,10651.0,7097.0,3073.0,4853.0,83546.0,38227.99
Brooklyn,11228,345.0,1.0,1.0,1.0,42.0,45.0,294.0,727.0,259.0,1280.0,145.0,497.0,11543.0,1640.0,6137.0,3766.0,1725.0,1037.0,1625.0,41172.0,27177.25
Brooklyn,11204,588.0,1.0,0.0,0.0,67.0,68.0,1959.0,4900.0,1267.0,8126.0,363.0,640.0,15262.0,2221.0,8287.0,4754.0,2614.0,1473.0,2202.0,74880.0,46953.11
Brooklyn,11218,847.0,2.0,0.0,1.0,65.0,68.0,3535.0,9931.0,2992.0,16458.0,547.0,924.0,23056.0,2834.0,12561.0,7661.0,4130.0,2275.0,2810.0,74611.0,51580.19
Brooklyn,11219,568.0,1.0,0.0,1.0,53.0,55.0,2465.0,5821.0,1841.0,10127.0,437.0,789.0,23394.0,2918.0,12837.0,7639.0,4391.0,2098.0,2895.0,85987.0,57544.5
Brooklyn,11230,622.0,1.0,0.0,0.0,46.0,47.0,4435.0,10980.0,2989.0,18404.0,531.0,829.0,32588.0,3522.0,17450.0,11616.0,6013.0,2884.0,3489.0,88933.0,48088.05
Brooklyn,11234,738.0,1.0,1.0,1.0,58.0,61.0,507.0,2017.0,539.0,3063.0,649.0,1105.0,47223.0,5954.0,25781.0,15488.0,10026.0,3594.0,5884.0,86898.0,8846.37
Brooklyn,11236,487.0,,,,,,1042.0,5389.0,1724.0,8155.0,1041.0,1194.0,51481.0,8095.0,26461.0,16925.0,6017.0,5910.0,7987.0,96301.0,27271.95
Brooklyn,11239,52.0,,,,,,73.0,214.0,143.0,430.0,11.0,308.0,9545.0,633.0,6171.0,2741.0,3509.0,605.0,626.0,14620.0,19900.74
Brooklyn,11223,664.0,,,,,,1531.0,4037.0,1148.0,6716.0,466.0,962.0,33992.0,4573.0,18517.0,10902.0,4938.0,3335.0,4531.0,77691.0,37104.95
Brooklyn,11224,316.0,1.0,2.0,0.0,27.0,30.0,1705.0,4166.0,1208.0,7079.0,381.0,778.0,31295.0,4136.0,17739.0,9420.0,4101.0,3735.0,4073.0,51205.0,35066.79
Brooklyn,11229,643.0,1.0,0.0,2.0,53.0,56.0,1763.0,5206.0,1261.0,8230.0,479.0,745.0,23416.0,2761.0,12667.0,7988.0,4595.0,2066.0,2725.0,80554.0,36919.61
Brooklyn,11235,723.0,7.0,2.0,0.0,60.0,69.0,2511.0,7656.0,1786.0,11953.0,1148.0,4920.0,39462.0,5131.0,21942.0,12389.0,6911.0,3889.0,5075.0,77451.0,30866.46
Brooklyn,11201,421.0,15.0,3.0,3.0,67.0,88.0,906.0,2070.0,539.0,3515.0,1291.0,4589.0,48356.0,6257.0,28302.0,13797.0,12223.0,4037.0,6137.0,47746.0,33114.98
Brooklyn,11205,222.0,10.0,0.0,0.0,55.0,65.0,1393.0,3720.0,1134.0,6247.0,2644.0,3113.0,27329.0,3067.0,15111.0,9151.0,5561.0,2248.0,3013.0,35622.0,26893.82
Brooklyn,11215,498.0,14.0,0.0,1.0,70.0,85.0,2462.0,5764.0,1515.0,9741.0,1679.0,1386.0,24067.0,2846.0,13055.0,8166.0,5744.0,1664.0,2803.0,63001.0,27309.38
Brooklyn,11217,271.0,17.0,1.0,0.0,54.0,72.0,1138.0,2715.0,790.0,4643.0,2581.0,1853.0,34148.0,3682.0,20410.0,10056.0,10418.0,2457.0,3613.0,35353.0,46140.97
Brooklyn,11231,293.0,12.0,0.0,0.0,40.0,52.0,925.0,2519.0,634.0,4078.0,628.0,550.0,21548.0,2749.0,12548.0,6251.0,3660.0,2070.0,2698.0,32974.0,22776.82
Brooklyn,11203,459.0,1.0,2.0,0.0,65.0,68.0,4773.0,16513.0,5365.0,26651.0,1422.0,1434.0,48430.0,6089.0,25208.0,17133.0,5460.0,6298.0,5975.0,84498.0,38695.54
Brooklyn,11210,350.0,,,,,,2897.0,9228.0,2666.0,14791.0,570.0,876.0,26116.0,3035.0,14026.0,9055.0,4946.0,2630.0,3008.0,62308.0,38833.14
Brooklyn,11225,255.0,2.0,0.0,0.0,57.0,59.0,6951.0,21622.0,6393.0,34966.0,1723.0,7181.0,36114.0,4876.0,19906.0,11332.0,4704.0,4317.0,4749.0,63774.0,44803.32
Brooklyn,11226,607.0,,,,,,12993.0,40876.0,12641.0,66510.0,2098.0,2097.0,66234.0,8071.0,35444.0,22719.0,8299.0,9220.0,7928.0,106154.0,81064.34
Brooklyn,11207,603.0,,,,,,7313.0,26115.0,9286.0,42714.0,3402.0,17813.0,94750.0,10516.0,53841.0,30393.0,8304.0,13223.0,10221.0,86551.0,31820.27
Brooklyn,11208,604.0,,,,,,5235.0,17980.0,6875.0,30090.0,2147.0,13361.0,72308.0,8042.0,40782.0,23484.0,6972.0,9694.0,7820.0,87165.0,24992.88
Brooklyn,11211,432.0,32.0,1.0,0.0,108.0,141.0,2881.0,6857.0,2266.0,12004.0,2833.0,1509.0,35472.0,3416.0,19144.0,12912.0,6417.0,2962.0,3373.0,85089.0,44840.17
Brooklyn,11222,369.0,13.0,1.0,0.0,59.0,73.0,1494.0,3329.0,1037.0,5860.0,1455.0,2061.0,17625.0,2071.0,9577.0,5977.0,3381.0,1586.0,2042.0,39360.0,21724.29
Brooklyn,11220,783.0,,,,,,4612.0,11612.0,4432.0,20656.0,458.0,1095.0,38937.0,4863.0,21935.0,12139.0,5475.0,4755.0,4822.0,92718.0,54760.03
Brooklyn,11232,314.0,,,,,,1256.0,3322.0,1114.0,5692.0,375.0,737.0,18175.0,2195.0,10448.0,5532.0,2762.0,2061.0,2172.0,27723.0,20953.79
Brooklyn,11206,369.0,2.0,3.0,0.0,73.0,78.0,3471.0,9658.0,3290.0,16419.0,4563.0,7318.0,63837.0,6987.0,35330.0,21520.0,9923.0,7355.0,6853.0,69032.0,48593.28
Brooklyn,11221,427.0,1.0,3.0,0.0,98.0,102.0,7726.0,24406.0,9305.0,41437.0,7546.0,11741.0,64730.0,9124.0,33496.0,22110.0,6879.0,8381.0,8984.0,76363.0,55063.29
Brooklyn,11237,359.0,5.0,2.0,0.0,80.0,87.0,5792.0,17328.0,6465.0,29585.0,4259.0,11127.0,24406.0,2481.0,12355.0,9570.0,3071.0,3308.0,2446.0,48910.0,48552.49
Manhattan,10026,270.0,11.0,0.0,0.0,30.0,41.0,3454.0,8660.0,2821.0,14935.0,1955.0,7744.0,31330.0,4013.0,18920.0,8397.0,3228.0,3400.0,3912.0,30377.0,91152.04
Manhattan,10027,361.0,15.0,3.0,0.0,57.0,75.0,5535.0,15229.0,5537.0,26301.0,2960.0,17683.0,63233.0,8012.0,38288.0,16933.0,10670.0,6224.0,7741.0,56168.0,55006.21
Manhattan,10030,175.0,2.0,2.0,0.0,22.0,26.0,3954.0,10448.0,3528.0,17930.0,1546.0,8613.0,17819.0,2616.0,10268.0,4935.0,1348.0,2426.0,2517.0,25847.0,85824.24
Manhattan,10037,87.0,,,,,,1661.0,4180.0,1146.0,6987.0,494.0,2745.0,16328.0,1921.0,10295.0,4112.0,1291.0,1683.0,1854.0,16984.0,65200.97
Manhattan,10039,134.0,1.0,0.0,0.0,27.0,28.0,2464.0,7064.0,2376.0,11904.0,597.0,2211.0,26416.0,3778.0,15783.0,6855.0,2776.0,3519.0,3684.0,21737.0,70988.68
Manhattan,10001,592.0,10.0,1.0,5.0,98.0,114.0,591.0,1272.0,393.0,2256.0,651.0,4371.0,54025.0,4111.0,29699.0,20215.0,15057.0,3527.0,4031.0,17310.0,26111.88
Manhattan,10011,477.0,44.0,1.0,1.0,69.0,115.0,1946.0,4241.0,1366.0,7553.0,1323.0,9580.0,33067.0,3136.0,18026.0,11905.0,9277.0,2177.0,3081.0,46669.0,71113.64
Manhattan,10018,352.0,1.0,2.0,2.0,74.0,79.0,362.0,889.0,360.0,1611.0,236.0,2323.0,20819.0,1280.0,11166.0,8373.0,4603.0,1667.0,1248.0,4255.0,14250.83
Manhattan,10019,546.0,41.0,1.0,3.0,104.0,149.0,2107.0,4543.0,1421.0,8071.0,972.0,5004.0,27548.0,3763.0,14569.0,9216.0,5608.0,2399.0,3698.0,36012.0,48230.17
Manhattan,10020,71.0,,,,,,,,,,,39.0,3967.0,306.0,2157.0,1504.0,1047.0,230.0,286.0,,
Manhattan,10036,752.0,33.0,32.0,2.0,74.0,141.0,1409.0,3127.0,1012.0,5548.0,847.0,4752.0,52484.0,4547.0,29306.0,18631.0,12520.0,4077.0,4144.0,18751.0,36429.01
Manhattan,10029,450.0,3.0,8.0,0.0,80.0,91.0,4239.0,11792.0,4249.0,20280.0,2977.0,11391.0,70207.0,9191.0,43453.0,17563.0,7903.0,7725.0,8917.0,75390.0,80506.67
Manhattan,10035,239.0,,,,,,3325.0,8575.0,2582.0,14482.0,1811.0,10772.0,54394.0,6288.0,34459.0,13647.0,8318.0,5359.0,6062.0,32702.0,23818.08
Manhattan,10010,308.0,21.0,2.0,1.0,45.0,69.0,495.0,1020.0,327.0,1842.0,368.0,2939.0,19199.0,1978.0,9996.0,7225.0,5038.0,1276.0,1939.0,26408.0,70827.7
Manhattan,10016,466.0,29.0,0.0,5.0,68.0,102.0,1498.0,2902.0,887.0,5287.0,814.0,6560.0,28163.0,2995.0,14004.0,11164.0,5903.0,2301.0,2919.0,51217.0,93367.31
Manhattan,10017,300.0,7.0,5.0,4.0,57.0,73.0,346.0,665.0,121.0,1132.0,153.0,2249.0,8258.0,753.0,4132.0,3373.0,1674.0,714.0,718.0,16201.0,49391.49
Manhattan,10022,463.0,28.0,3.0,1.0,72.0,104.0,872.0,1774.0,535.0,3181.0,550.0,5166.0,22758.0,1725.0,11798.0,9235.0,6732.0,1399.0,1674.0,30642.0,68953.71
Manhattan,10012,249.0,60.0,0.0,0.0,38.0,98.0,1177.0,2583.0,989.0,4749.0,1102.0,5944.0,32189.0,1764.0,19832.0,10593.0,12447.0,1406.0,1713.0,26000.0,80124.51
Manhattan,10013,469.0,73.0,0.0,1.0,60.0,134.0,735.0,1574.0,588.0,2897.0,1459.0,8637.0,28163.0,2211.0,17182.0,8770.0,4620.0,1484.0,2137.0,25042.0,45458.99
Manhattan,10014,325.0,94.0,0.0,0.0,48.0,142.0,1452.0,3205.0,909.0,5566.0,1392.0,9624.0,34714.0,2902.0,18520.0,13292.0,7404.0,2323.0,2813.0,32667.0,57977.33
Manhattan,10004,88.0,1.0,0.0,3.0,25.0,29.0,2.0,5.0,2.0,9.0,72.0,615.0,5816.0,681.0,3302.0,1833.0,1403.0,368.0,662.0,1225.0,2162.99
Manhattan,10005,70.0,,,,,,12.0,14.0,4.0,30.0,27.0,390.0,,,,,,,,884.0,11701.01
Manhattan,10006,33.0,1.0,0.0,4.0,8.0,13.0,36.0,64.0,47.0,147.0,88.0,356.0,,,,,,,,1447.0,21409.87
Manhattan,10007,134.0,4.0,0.0,1.0,38.0,43.0,35.0,38.0,22.0,95.0,259.0,1461.0,6702.0,668.0,3885.0,2149.0,1887.0,376.0,654.0,3522.0,19229.09
Manhattan,10038,189.0,7.0,0.0,1.0,46.0,54.0,144.0,209.0,116.0,469.0,591.0,2129.0,19556.0,2388.0,11148.0,6020.0,4066.0,1742.0,2355.0,15574.0,55019.61
Manhattan,10280,31.0,,,,,,45.0,81.0,13.0,139.0,36.0,124.0,1947.0,324.0,980.0,643.0,349.0,143.0,320.0,6614.0,44080.87
Manhattan,10002,561.0,14.0,5.0,0.0,77.0,96.0,2420.0,5754.0,2513.0,10687.0,3135.0,13666.0,52124.0,5738.0,31193.0,15193.0,9316.0,5023.0,5588.0,84870.0,91610.4
Manhattan,10003,521.0,85.0,0.0,2.0,78.0,165.0,1881.0,4250.0,1391.0,7522.0,2026.0,12229.0,55283.0,4390.0,32604.0,18289.0,18995.0,3331.0,4267.0,53673.0,93255.87
Manhattan,10009,294.0,28.0,1.0,0.0,64.0,93.0,2396.0,6022.0,1710.0,10128.0,3125.0,11014.0,28144.0,3827.0,16146.0,8171.0,4420.0,2579.0,3748.0,58595.0,100687.04
Manhattan,10021,337.0,29.0,0.0,1.0,36.0,66.0,855.0,2131.0,571.0,3557.0,593.0,5591.0,11234.0,1014.0,5392.0,4828.0,2526.0,659.0,1005.0,102078.0,82704.42
Manhattan,10028,305.0,30.0,0.0,0.0,36.0,66.0,1178.0,2407.0,874.0,4459.0,949.0,5751.0,16981.0,1273.0,9187.0,6521.0,5039.0,887.0,1247.0,44987.0,126067.69
Manhattan,10044,17.0,,,,,,86.0,176.0,12.0,274.0,15.0,9.0,1919.0,338.0,990.0,591.0,195.0,259.0,331.0,9520.0,39391.64
Manhattan,10065,247.0,20.0,0.0,0.0,28.0,48.0,1013.0,2266.0,601.0,3880.0,369.0,5044.0,14983.0,1322.0,7600.0,6061.0,3041.0,751.0,1301.0,,
Manhattan,10075,212.0,31.0,0.0,0.0,22.0,53.0,421.0,1049.0,350.0,1820.0,346.0,3406.0,2084.0,157.0,929.0,998.0,474.0,96.0,152.0,,
Manhattan,10128,336.0,30.0,0.0,1.0,40.0,71.0,1394.0,3051.0,1011.0,5456.0,1424.0,6541.0,13359.0,1384.0,6916.0,5059.0,3173.0,888.0,1372.0,59856.0,122356.52
Manhattan,10023,311.0,37.0,0.0,1.0,38.0,76.0,1163.0,2404.0,757.0,4324.0,916.0,10639.0,26087.0,3184.0,14680.0,8223.0,7307.0,1883.0,3095.0,62206.0,90007.7
Manhattan,10024,352.0,70.0,0.0,1.0,39.0,110.0,1799.0,4036.0,1270.0,7105.0,2160.0,14331.0,23964.0,3147.0,13341.0,7476.0,5795.0,1556.0,3083.0,61414.0,58433.71
Manhattan,10025,419.0,48.0,2.0,0.0,64.0,114.0,3825.0,9506.0,2844.0,16175.0,2843.0,13434.0,46505.0,6508.0,26747.0,13250.0,10187.0,3513.0,6383.0,97086.0,88306.24
Manhattan,10031,318.0,13.0,7.0,0.0,54.0,74.0,9775.0,28268.0,11174.0,49217.0,3334.0,13005.0,43566.0,5325.0,26936.0,11305.0,3884.0,4802.0,5151.0,60221.0,101100.03
Manhattan,10032,269.0,6.0,1.0,1.0,53.0,61.0,8586.0,23571.0,9314.0,41471.0,3068.0,8846.0,38151.0,4695.0,22041.0,11415.0,5372.0,4167.0,4571.0,63842.0,97879.45
Manhattan,10033,290.0,6.0,11.0,0.0,53.0,70.0,6587.0,18235.0,6954.0,31776.0,2483.0,6880.0,25836.0,2892.0,14436.0,8508.0,3269.0,2835.0,2815.0,58259.0,78867.63
Manhattan,10034,223.0,13.0,3.0,0.0,39.0,55.0,5958.0,17414.0,5304.0,28676.0,1604.0,4545.0,17844.0,1815.0,10075.0,5954.0,2352.0,2113.0,1778.0,41756.0,47051.23
Manhattan,10040,184.0,4.0,2.0,0.0,34.0,40.0,5097.0,13459.0,4953.0,23509.0,1587.0,3590.0,21157.0,2327.0,12044.0,6786.0,2714.0,2344.0,2284.0,46599.0,75283.14
Queens,11361,240.0,,,,,,93.0,264.0,77.0,434.0,237.0,237.0,12064.0,1472.0,6308.0,4284.0,1839.0,816.0,1457.0,29206.0,15180.72
Queens,11362,123.0,,,,,,3.0,52.0,8.0,63.0,64.0,74.0,6192.0,751.0,3006.0,2435.0,1218.0,272.0,744.0,17502.0,8669.78
Queens,11363,46.0,,,,,,24.0,58.0,15.0,97.0,48.0,50.0,,,,,,,,6917.0,7917.29
Queens,11364,210.0,,,,,,61.0,299.0,43.0,403.0,99.0,131.0,7213.0,954.0,3420.0,2839.0,1037.0,418.0,942.0,34539.0,12340.99
Queens,11354,573.0,,,,,,661.0,2296.0,507.0,3464.0,602.0,1054.0,33189.0,3490.0,19132.0,10567.0,9043.0,3285.0,3471.0,54329.0,24948.16
Queens,11355,492.0,,,,,,852.0,3540.0,830.0,5222.0,618.0,661.0,13026.0,1930.0,6198.0,4898.0,1930.0,1393.0,1916.0,83281.0,40980.07
Queens,11356,270.0,,,,,,159.0,495.0,186.0,840.0,245.0,206.0,9045.0,1292.0,4788.0,2965.0,2087.0,813.0,1277.0,20444.0,13186.78
Queens,11357,415.0,,,,,,24.0,200.0,45.0,269.0,347.0,388.0,9722.0,1673.0,4583.0,3466.0,1418.0,587.0,1657.0,39491.0,14136.1
Queens,11358,360.0,,,,,,222.0,807.0,221.0,1250.0,271.0,250.0,10542.0,1354.0,5306.0,3882.0,1467.0,936.0,1346.0,38647.0,19661.6
Queens,11359,2.0,,,,,,,,,,,,,,,,,,,,
Queens,11360,108.0,,,,,,43.0,119.0,25.0,187.0,54.0,69.0,,,,,,,,19350.0,12040.46
Queens,11365,235.0,,,,,,257.0,398.0,131.0,786.0,217.0,166.0,12927.0,1810.0,6817.0,4300.0,2243.0,1033.0,1793.0,41566.0,17380.05
Queens,11366,142.0,,,,,,24.0,97.0,43.0,164.0,149.0,104.0,7181.0,762.0,3778.0,2641.0,1431.0,422.0,751.0,13366.0,18341.01
Queens,11367,210.0,1.0,0.0,0.0,22.0,23.0,673.0,2313.0,519.0,3505.0,246.0,214.0,15240.0,2306.0,7866.0,5068.0,2514.0,1404.0,2281.0,38216.0,20384.04
Queens,11412,188.0,,,,,,457.0,2228.0,741.0,3426.0,1310.0,717.0,19565.0,2638.0,9311.0,7616.0,1941.0,2637.0,2616.0,37452.0,19681.64
Queens,11423,252.0,,,,,,386.0,2015.0,544.0,2945.0,591.0,397.0,13279.0,1958.0,6498.0,4823.0,1401.0,1479.0,1945.0,31240.0,19366.77
Queens,11432,554.0,,,,,,1147.0,4221.0,1271.0,6639.0,1650.0,3941.0,33456.0,4520.0,18435.0,10501.0,6412.0,3743.0,4444.0,57045.0,26065.18
Queens,11433,251.0,,,,,,539.0,2476.0,1034.0,4049.0,2163.0,1781.0,31127.0,4156.0,15399.0,11572.0,3077.0,3944.0,4117.0,28435.0,18129.86
Queens,11434,368.0,,,,,,594.0,2487.0,847.0,3928.0,1683.0,876.0,26233.0,3369.0,13372.0,9492.0,2892.0,3446.0,3342.0,59142.0,19683.46
Queens,11435,482.0,1.0,5.0,0.0,58.0,64.0,938.0,3350.0,1021.0,5309.0,2099.0,3718.0,23884.0,3135.0,11888.0,8861.0,3017.0,2833.0,3099.0,53877.0,35207.72
Queens,11436,137.0,,,,,,121.0,786.0,313.0,1220.0,812.0,435.0,17065.0,1758.0,8384.0,6923.0,2206.0,1943.0,1734.0,18148.0,21578.65
Queens,11101,518.0,8.0,2.0,1.0,64.0,75.0,715.0,2182.0,611.0,3508.0,1785.0,3566.0,31797.0,4134.0,17989.0,9674.0,6572.0,3198.0,4085.0,25595.0,9029.74
Queens,11102,306.0,10.0,0.0,1.0,38.0,49.0,669.0,2059.0,549.0,3277.0,312.0,251.0,15471.0,2250.0,8544.0,4677.0,2459.0,1802.0,2231.0,36291.0,44416.74
Queens,11103,429.0,28.0,1.0,0.0,56.0,85.0,835.0,2400.0,762.0,3997.0,959.0,4167.0,14515.0,1783.0,8340.0,4392.0,3073.0,1658.0,1756.0,44321.0,62111.19
Queens,11104,220.0,5.0,1.0,0.0,36.0,42.0,768.0,2861.0,626.0,4255.0,350.0,269.0,6603.0,1088.0,3447.0,2068.0,1034.0,660.0,1079.0,29506.0,74459.01
Queens,11105,361.0,25.0,1.0,0.0,36.0,62.0,644.0,1852.0,639.0,3135.0,323.0,308.0,13703.0,1854.0,7620.0,4229.0,2576.0,1158.0,1834.0,42117.0,25956.3
Queens,11106,320.0,15.0,1.0,0.0,52.0,68.0,708.0,2260.0,719.0,3687.0,721.0,1640.0,21496.0,2987.0,11821.0,6688.0,3719.0,2393.0,2936.0,43130.0,49707.26
Queens,11374,281.0,2.0,3.0,1.0,33.0,39.0,748.0,2040.0,423.0,3211.0,383.0,304.0,14589.0,1484.0,8897.0,4208.0,4555.0,1047.0,1475.0,44189.0,48499.11
Queens,11375,422.0,11.0,2.0,2.0,50.0,65.0,764.0,2266.0,505.0,3535.0,443.0,414.0,24465.0,2887.0,13329.0,8249.0,5038.0,1679.0,2854.0,70204.0,26784.05
Queens,11379,338.0,1.0,0.0,0.0,27.0,28.0,212.0,612.0,133.0,957.0,340.0,507.0,6409.0,920.0,3560.0,1929.0,957.0,497.0,916.0,28984.0,15242.36
Queens,11385,952.0,,,,,,2939.0,8535.0,2539.0,14013.0,4383.0,11888.0,55298.0,7065.0,31879.0,16354.0,9112.0,5539.0,6999.0,97524.0,26384.56
Queens,11691,177.0,,,,,,2020.0,6422.0,2151.0,10593.0,747.0,548.0,35123.0,5955.0,18501.0,10667.0,3945.0,4433.0,5906.0,56184.0,13164.72
Queens,11692,59.0,,,,,,849.0,2563.0,449.0,3861.0,226.0,137.0,13595.0,2429.0,6984.0,4182.0,1101.0,1929.0,2361.0,15893.0,15061.65
Queens,11693,80.0,,,,,,194.0,682.0,214.0,1090.0,147.0,102.0,1214.0,199.0,687.0,328.0,142.0,129.0,192.0,11157.0,4421.44
Queens,11694,146.0,1.0,0.0,0.0,23.0,24.0,355.0,862.0,172.0,1389.0,121.0,209.0,12023.0,2094.0,6459.0,3470.0,1962.0,1523.0,2049.0,19278.0,12713.02
Queens,11695,,,,,,,,,,,,,,,,,,,,,
Queens,11697,20.0,,,,,,4.0,12.0,1.0,17.0,,,644.0,79.0,286.0,279.0,82.0,33.0,78.0,,
Queens,11004,101.0,,,,,,5.0,65.0,35.0,105.0,73.0,76.0,3702.0,468.0,1815.0,1419.0,740.0,250.0,461.0,14682.0,14388.66
Queens,11005,5.0,,,,,,,,,,,,,,,,,,,,
Queens,11411,96.0,,,,,,49.0,353.0,89.0,491.0,296.0,168.0,5358.0,692.0,2501.0,2165.0,614.0,604.0,681.0,21282.0,17687.64
Queens,11413,209.0,,,,,,189.0,1138.0,544.0,1871.0,819.0,467.0,20486.0,2541.0,9885.0,8060.0,2718.0,2424.0,2514.0,39827.0,13046.46
Queens,11422,153.0,,,,,,110.0,662.0,282.0,1054.0,311.0,222.0,10641.0,1521.0,4856.0,4264.0,964.0,1243.0,1507.0,30449.0,4873.21
Queens,11426,173.0,,,,,,4.0,45.0,16.0,65.0,163.0,209.0,4128.0,526.0,2028.0,1574.0,512.0,393.0,516.0,18727.0,11552.09
Queens,11427,140.0,,,,,,130.0,616.0,105.0,851.0,161.0,148.0,7982.0,1148.0,3960.0,2874.0,985.0,754.0,1136.0,23014.0,15531.36
Queens,11428,179.0,,,,,,99.0,518.0,170.0,787.0,244.0,148.0,1777.0,264.0,836.0,677.0,156.0,187.0,263.0,21023.0,25192.34
Queens,11429,187.0,,,,,,142.0,821.0,266.0,1229.0,541.0,297.0,17902.0,2459.0,8659.0,6784.0,2065.0,2193.0,2433.0,27647.0,20794.49
Queens,11414,255.0,,,,,,91.0,332.0,114.0,537.0,295.0,269.0,4365.0,718.0,2124.0,1523.0,690.0,237.0,711.0,28121.0,12292.73
Queens,11415,123.0,,,,,,404.0,1484.0,265.0,2153.0,127.0,132.0,2234.0,366.0,1187.0,681.0,361.0,193.0,361.0,20956.0,35355.55
Queens,11416,260.0,,,,,,252.0,864.0,301.0,1417.0,462.0,411.0,11112.0,1412.0,5863.0,3837.0,1684.0,1274.0,1399.0,23668.0,34977.35
Queens,11417,301.0,,,,,,187.0,746.0,261.0,1194.0,527.0,479.0,21739.0,3152.0,11190.0,7397.0,3374.0,2090.0,3111.0,28607.0,25964.14
Queens,11418,454.0,,,,,,586.0,2201.0,670.0,3457.0,567.0,419.0,16493.0,2466.0,8695.0,5332.0,2183.0,2035.0,2442.0,36571.0,22694.55
Queens,11419,662.0,,,,,,403.0,1641.0,592.0,2636.0,838.0,491.0,25609.0,3969.0,12884.0,8756.0,2765.0,3314.0,3934.0,48867.0,43351.49
Queens,11420,490.0,,,,,,268.0,1409.0,542.0,2219.0,1028.0,557.0,21717.0,3233.0,10752.0,7732.0,2967.0,2308.0,3202.0,45498.0,21430.46
Queens,11421,313.0,,,,,,396.0,1390.0,433.0,2219.0,499.0,358.0,18065.0,2272.0,9702.0,6091.0,2773.0,1969.0,2256.0,37664.0,30881.52
Queens,11368,756.0,1.0,1.0,0.0,113.0,115.0,1836.0,5619.0,1725.0,9180.0,3128.0,6346.0,36798.0,3828.0,20367.0,12603.0,4142.0,6085.0,3721.0,98841.0,38864.33
Queens,11369,202.0,,,,,,514.0,1614.0,546.0,2674.0,476.0,328.0,18725.0,2108.0,10886.0,5731.0,2427.0,1962.0,2071.0,36110.0,32616.57
Queens,11370,150.0,,,,,,115.0,475.0,121.0,711.0,418.0,1574.0,8306.0,865.0,4733.0,2708.0,1173.0,866.0,854.0,43142.0,30152.15
Queens,11372,615.0,2.0,6.0,0.0,70.0,78.0,1398.0,4452.0,1420.0,7270.0,2870.0,8199.0,35732.0,4048.0,19892.0,11792.0,5104.0,4515.0,3958.0,71308.0,97325.47
Queens,11373,546.0,,,,,,1396.0,4673.0,1241.0,7310.0,2408.0,6974.0,38179.0,3370.0,23170.0,11639.0,12749.0,3291.0,3344.0,105723.0,60548.99
Queens,11377,660.0,6.0,1.0,1.0,94.0,102.0,1414.0,4909.0,1115.0,7438.0,1612.0,2145.0,34159.0,4355.0,18428.0,11376.0,5282.0,3543.0,4321.0,88339.0,34536.25
Queens,11378,469.0,,,,,,167.0,660.0,309.0,1136.0,779.0,1294.0,13325.0,1733.0,7506.0,4086.0,1955.0,1109.0,1716.0,34053.0,13268.8
StatenIsland,10302,262.0,,,,,,477.0,1770.0,433.0,2680.0,1480.0,660.0,16281.0,2573.0,9881.0,3827.0,2394.0,1912.0,2544.0,16406.0,13875.4
StatenIsland,10303,250.0,,,,,,760.0,2636.0,717.0,4113.0,1829.0,1177.0,21575.0,3770.0,13064.0,4741.0,2989.0,2379.0,3748.0,23530.0,5426.0
StatenIsland,10310,328.0,,,,,,350.0,1606.0,442.0,2398.0,1602.0,787.0,15896.0,2841.0,9495.0,3560.0,1993.0,1903.0,2819.0,22852.0,12829.03
StatenIsland,10306,584.0,,,,,,188.0,635.0,213.0,1036.0,1544.0,1892.0,23571.0,4833.0,13999.0,4739.0,3963.0,1786.0,4812.0,55698.0,7104.18
StatenIsland,10307,166.0,,,,,,32.0,163.0,62.0,257.0,416.0,275.0,6246.0,1328.0,3615.0,1303.0,820.0,555.0,1314.0,11669.0,7091.02
StatenIsland,10308,211.0,,,,,,56.0,146.0,44.0,246.0,636.0,555.0,9292.0,2120.0,5290.0,1882.0,1296.0,740.0,2098.0,26451.0,14230.06
StatenIsland,10309,400.0,,,,,,22.0,113.0,32.0,167.0,569.0,443.0,12179.0,2195.0,7344.0,2640.0,2135.0,844.0,2171.0,27207.0,3862.03
StatenIsland,10312,518.0,,,,,,56.0,197.0,78.0,331.0,1065.0,947.0,17269.0,3418.0,10231.0,3620.0,2423.0,1206.0,3381.0,58867.0,7013.96
StatenIsland,10301,338.0,,,,,,1519.0,5882.0,1431.0,8832.0,3661.0,4502.0,28168.0,5402.0,16845.0,5921.0,3593.0,3515.0,5366.0,38805.0,10327.23
StatenIsland,10304,348.0,,,,,,1288.0,4177.0,1081.0,6546.0,2719.0,1904.0,32761.0,5846.0,19571.0,7344.0,4093.0,3872.0,5802.0,38972.0,10617.85
StatenIsland,10305,512.0,,,,,,192.0,592.0,167.0,951.0,1839.0,2052.0,16028.0,3301.0,9349.0,3378.0,1964.0,1492.0,3282.0,38450.0,8962.46
StatenIsland,10314,837.0,,,,,,254.0,745.0,185.0,1184.0,1640.0,2004.0,35639.0,6444.0,22260.0,6935.0,8750.0,2415.0,6402.0,84821.0,6550.27
